{
  "cnpjs": [
    "02.308.456/0001-49",
    "02.308.456/0001-49",
    "02.308.456/0001-49",
    "02.308.456/0001-49",
    "02.308.456/0001-49",
    "02.308.456/0001-49",
    "02.308.456/0001-49",
    "02.308.456/0002-20",
    "02.308.456/0002-20",
    "02.308.456/0001-49",
    "02.308.456/0001-49",
    "04.088.208/0001-65",
    "81.329.823/0001-67",
    "28.206.944/0001-79",
    "00.827.591/0001-75",
    "03.281.950/0001-20",
    "05.366.731/0001-79",
    "07.228.128/0001-56",
    "87.556.650/0001-04",
    "35.121.385/0001-20",
    "35.122.128/0001-02",
    "49.335.345/0001-95",
    "15.161.674/0001-45"
  ],
  "cpfs": [
    "181.778.599-00",
    "009.542.069-08",
    "045.311.299-46",
    "047.515.299-94",
    "891.388.809-20",
    "181.778.599-00",
    "009.542.069-08",
    "181.778.599-00",
    "181.778.599-00",
    "009.542.069-08",
    "181.778.599-00",
    "009.542.069-08"
  ],
  "valores": [
    "R$40.000,00",
    "R$ 24.000,00",
    "R$ 12.000,00",
    "R$ 1.835.000,00",
    "R$ 1,00",
    "R$ 1.835.000,00",
    "R$ 1,00",
    "R$ 100",
    "R$ 200",
    "R$ 200",
    "R$ 300",
    "R$3",
    "R$3,5",
    "R$15",
    "R$17",
    "R$3",
    "R$3,5",
    "R$65",
    "R$ 6",
    "R$ 65",
    "R$70",
    "R$ 50",
    "R$ 70",
    "R$ 200",
    "R$ 200",
    "R$ 100",
    "R$ 100",
    "R$ 100",
    "R$ 100",
    "R$ 300",
    "R$ 300",
    "R$ 200",
    "R$ 250",
    "R$ 300",
    "R$1",
    "R$ 300",
    "R$ 200",
    "R$ .",
    "R$ 200",
    "R$ 200",
    "R$ 200",
    "R$ 200",
    "R$ 200",
    "R$ 200",
    "R$ 200",
    "R$ 200",
    "R$\n.",
    "R$ 200",
    "R$ .",
    "R$ 200",
    "R$1",
    "R$15",
    "R$ .",
    "R$ 200",
    "R$1,5",
    "R$2",
    "R$ 250",
    "R$ 300",
    "R$1,5",
    "R$2",
    "R$ 100",
    "R$ .",
    "R$ 100",
    "R$ 100",
    "R$ 100",
    "R$ 100",
    "R$ 100",
    "R$ 200",
    "R$ 200",
    "R$ 100",
    "R$ 100",
    "R$ 250",
    "R$ 300",
    "R$ 100",
    "R$ 100",
    "R$35",
    "R$37",
    "R$ 35",
    "R$ 37",
    "R$ 100",
    "R$ .",
    "R$ 200",
    "R$ 33",
    "R$35",
    "R$33",
    "R$ 35",
    "R$70",
    "R$100",
    "R$70",
    "R$ 100",
    "R$10",
    "R$70",
    "R$ 100",
    "R$ 100",
    "R$ 100",
    "R$10",
    "R$30",
    "R$70",
    "R$ 100",
    "R$ 200",
    "R$ 300",
    "R$ 200",
    "R$ 300",
    "R$ 300",
    "R$ 400",
    "R$ 400",
    "R$ 500",
    "R$ 100",
    "R$ 200",
    "R$ 400",
    "R$ 500",
    "R$35",
    "R$37",
    "R$ 200",
    "R$ 300",
    "R$ 100",
    "R$ 200",
    "R$ 300",
    "R$ 400",
    "R$ 300",
    "R$ 400",
    "R$ 400",
    "R$ 500",
    "R$ 300",
    "R$ 400",
    "R$ 400",
    "R$ 500",
    "R$ 100",
    "R$ 200",
    "R$ 100",
    "R$ 200",
    "R$ 300",
    "R$ 400",
    "R$ 300",
    "R$ 400",
    "R$ 100",
    "R$ 200",
    "R$ 300",
    "R$ 400",
    "R$70",
    "R$ 100",
    "R$ 100",
    "R$ 200",
    "R$ 400",
    "R$ 500",
    "R$ 100",
    "R$ 200",
    "R$ 300",
    "R$ 400",
    "R$3,5",
    "R$4",
    "R$ 300",
    "R$ 400",
    "R$ 400",
    "R$ 500",
    "R$23",
    "R$25",
    "R$35",
    "R$37",
    "R$ 50",
    "R$ 70",
    "R$ 1.835.000,00",
    "R$ 1.835.000,00",
    "R$ 61",
    "R$ 49",
    "R$ 8241.00738",
    "R$ 2024994955",
    "R$ 1",
    "R$ 6",
    "R$ 398.147,06",
    "R$ 882226783",
    "R$ 5",
    "R$ 201.953,52",
    "R$ 344217,60",
    "R$ 435",
    "R$ 252",
    "R$ 340.370,90",
    "R$ 9",
    "R$ 9",
    "R$ 363",
    "R$ 477.093,56",
    "R$.",
    "R$ 3.368.464,56",
    "R$ 2.386.",
    "R$ 541.897,35",
    "R$ 395.600.73",
    "R$ 332044731",
    "R$ 3.201.773,42",
    "R$ 272081464",
    "R$ 3.774.466,60",
    "R$ 415791578",
    "R$ 383.343,09",
    "R$ 7.013.035,30",
    "R$ 6.997,03",
    "R$ 1",
    "R$ 15",
    "R$ 45",
    "R$ 39,252",
    "R$ 1.835.000,00",
    "R$  43",
    "R$ 374",
    "R$ 084178824",
    "R$ 111466167",
    "R$ 1146989697",
    "R$ 13498,775,64",
    "R$  13",
    "R$ 15.053",
    "R$ 1247875636",
    "R$ 174674",
    "R$ 1395196753",
    "R$  1",
    "R$ 191321354",
    "R$  15.598",
    "R$ 1177198723",
    "R$ 200277855",
    "R$ 5.879.491,76",
    "R$ 159.503",
    "R$ 147"
  ],
  "datas": [
    "02/01/1998",
    "23/12/1997",
    "01/05/2013",
    "05/06/2012",
    "09/01/2023",
    "06/09/1983",
    "29/04/1984",
    "22/05/2023",
    "22/05/2023",
    "18/05/2023",
    "19/04/2023",
    "22/05/2023",
    "27/12/1972",
    "22/05/2023",
    "22/05/2023",
    "18/05/2023",
    "19/04/2023",
    "22/05/2023",
    "22/05/2023",
    "22/05/2023",
    "18/05/2023",
    "19/04/2023",
    "22/05/2023",
    "22/05/2023",
    "22/05/2023",
    "18/05/2023",
    "19/04/2023",
    "22/05/2023",
    "22/05/2023",
    "22/05/2023",
    "18/05/2023",
    "19/04/2023",
    "22/05/2023",
    "22/05/2023",
    "22/05/2023",
    "18/05/2023",
    "19/04/2023",
    "22/05/2023",
    "22/05/2023",
    "22/05/2023",
    "18/05/2023",
    "19/04/2023",
    "22/05/2023",
    "19/04/2023",
    "22/05/2023",
    "18/05/2023",
    "18/05/2023",
    "18/05/2023",
    "18/05/2023",
    "18/05/2023",
    "22/05/2023",
    "22/05/2023",
    "18/05/2023",
    "19/04/2023",
    "22/05/2023",
    "07/05/2025",
    "26/03/2025",
    "02/01/1998",
    "22/05/2023",
    "06/06/2023",
    "05/05/2025",
    "30/04/2025",
    "30/04/2025",
    "24/04/2025",
    "01/05/2025",
    "07/05/2025",
    "07/05/2025",
    "07/05/2025",
    "07/05/2025",
    "07/05/2025",
    "07/05/2025",
    "07/05/2025",
    "07/05/2025",
    "16/06/2023",
    "16/06/2023",
    "25/09/2000",
    "05/06/2012",
    "16/06/2023",
    "20/02/2003",
    "20/02/2003",
    "25/02/1951"
  ],
  "telefones": [
    "(47) 3331-0500",
    "(47) 3144-7400",
    "(47) 2123-6600",
    "(47) 3331-0500",
    "(47) 3232-3253",
    "(47) 3232-6100",
    "(47) 3802-1400",
    "(11) 4176-9677",
    "(47) 3334-3055",
    "(47) 3328-6259",
    "(47) 3331-0500",
    "(47) 3395-3014",
    "(11) 4446-4444",
    "(11) 3525-5037",
    "(41) 2109-8077",
    "(11) 5670-9129",
    "(21) 2025-8561",
    "(11) 2783-1500",
    "(47) 3331-0500",
    "(11) 2782-5500",
    "(11) 2414-5700",
    "(48) 3271-3055",
    "(11) 2065-2500",
    "(11) 2059-5959",
    "(61) 3233-3535",
    "(47) 3331-0500"
  ],
  "emails": [],
  "empresas": [
    "STRIA DE PRODUTOS HIDROSSA",
    "RIAS\n\nBANCO DO BRASIL S.A.",
    "BANCO SAFRA S.A.",
    "BANCO BRADESCO S.A.",
    "NCIAS COME",
    "STRIA DE BORRACHAS LTDA",
    "STICO LUCONI LTDA",
    "FERRAMENTARIA BLUMOLDES LTDA ME",
    "IMPRESSORA MAYER LTDA",
    "STICOS INDUSTRIAIS LTDA",
    "O COMERCIAL LTDA",
    "LEROY ME",
    "M NTERUYA COMERCIAL DE FERRAGENS LTDA",
    "CASA MIMOSA",
    "ULICA E ACABAMENTO LTDA",
    "C CASA",
    "O LTDA",
    "CASA",
    "O LTDA",
    "CONSTRUDECOR S.A.",
    "O LTDA",
    "RIA\nCENSI INDUSTRIA DE PRODUTOS HIDROSSA",
    "RIOS S.A.",
    "STRIA DE PRODUTOS HIDROSSA",
    "RIOS\nLTDA",
    "CENSI INDUSTRIA DE PRODUTOS\nHIDROSSA",
    "JOHANNA LIU TEME",
    "CENSI INDUSTRIA DE PRODUTOS HIDROSSANITARIOS SA",
    "CENSI INDUSTRIA DE PRODUTOS\nHIDROSSA",
    "RIOS S.A.",
    "CENSI INDUSTRIA DE PRODUTOS HIDROSSANITARIOS SA",
    "CENSI INDUSTRIA DE PRODUTOS HIDROSSANITARIOS SA",
    "CENSI INDUSTRIA DE PRODUTOS HIDROSSANITARIOS SA",
    "CENSI INDUSTRIA DE PRODUTOS HIDROSSANITARIOS SA",
    "LEANDRO CENSI\n\n \n\nPAULO CENSI\n\n \n\nJOHANNA LIU TEME",
    "CENSI INDUSTRIA DE PRODUTOS HIDROSSANITARIOS SA",
    "CENSI INDUSTRIA DE PRODUTOS HIDROSSANITARIOS SA",
    "FSES SA",
    "TERMO DE AUTENTICACAO\n\n \n\n \n\n \n\n \n\n \n\n \n\n \n\n \n\n \n\n \n\nNOME DA EMPRESA CENSI INDUSTRIA DE PRODUTOS HIDROSSANITARIOS SA",
    "REPRESENTANTES QUE ASSINARAM DIGITALME",
    "JOHANNA LIU TEME",
    "CENSI INDUSTRIA DE PRODUTOS HIDROSSA",
    "RIOS SA",
    "CENSI INDUSTRIA DE PRODUTOS HIDROSSANITARIOS S/A",
    "BLUME",
    "BLUME",
    "CENSI INDUSTRIA DE PRODUTOS HIDROSSANITARIOS LTDA",
    "FEM PARAR INSTITUICAO DE PAGAME",
    "SKA AUTOMACAO DE ENGENHARIAS LTDA",
    "STICOS INDUSTRIAIS LTDA",
    "FCC INDUSTRIA E COMERCIO LTDA",
    "APTA INDUSTRIA E COMERCIO DE RESINAS LTDA",
    "MAIS POLIMEROS DO BRASIL LTDA",
    "BERTOLINI S/A",
    "CENSI PARTICIPACOES LTDA",
    "UF BLUME",
    "CENSI PARTICIPACOES LTDA",
    "P C CONSULTORIA EMPRESARIAL LTDA",
    "UF BLUME",
    "PC CONSULTORIA EMPRESARIAL LTDA",
    "LC CONSULTORIA EMPRESARIAL LTDA",
    "UF BLUME",
    "LC CONSULTORIA EMPRESARIAL LTDA",
    "FEROX EMPREENDIME",
    "RIOS E SERVICOS LTDA ME",
    "UF BLUME",
    "FEROX EMPREENDIME",
    "RIOS E SERVICOS LTDA ME",
    "JD BLUME",
    "BLUME",
    "BLUME",
    "PAULO ADMINISTR BRASIL CASA",
    "BLUME",
    "BLUME",
    "PRODUTOS HIDROSSA",
    "RIOS S/A",
    "STRIA DE PRODUTOS HIDROSSA",
    "RIOS S/A",
    "STRIA DE PRODUTOS HIDROSSA",
    "RIOS S/A",
    "DE PRODUTOS HIDROSSA",
    "RIOS S/A",
    "LIUTEME"
  ],
  "enderecos": [
    "RODUTOS HIDROSSANITÁRIOS S.A,\n",
    "RUA BAHIA 4385 ",
    "ALTO WEISSBACH ",
    "ALTERAÇÃO CONTRATUAL",
    "ALAÇÕES HIDRÁULICAS.\n\n",
    "RUA 7 DE SETEMBRO, 673 ",
    "RODUTOS\n\nHIDROSSANITÁRIOS S.A. WWW.CENSICOM.BR\nRUA BAHIA, 4385 SALTO WEISSBACH 2",
    "AL\n\nRUA",
    "ALE ",
    "ALMIRANTE TAMANDARÉ, 1130 ",
    "RODUTOS\n\nHIDROSSANITÁRIOS S.A. WWW.CENSICOM.BR\nRUA BAHIA, 4385 SALTO WEISSBACH 2",
    "RODE S",
    "AL ANHANGUERA ",
    "AVENIDA PAPA JOÃO PAULO XXIII, 2479\n09370",
    "AL CORA ",
    "AL LTDA\n\nRUA",
    "ALGACYR MUNHOZ MADER, 2800\n81310",
    "ALLETERI BLOTTA, 311",
    "AL DE FERRAGENS LTDA\nAV. ARICANDUVA, 4053\n\n03527",
    "RODUTOS\n\nHIDROSSANITÁRIOS S.A. WWW.CENSICOM.BR\nRUA BAHIA, 4385 SALTO WEISSBACH 2",
    "AV. 19 DE JANEIRO, 391 A 421\n\n03449",
    "AV. GUARULHOS, 2525\n\n07031",
    "AV. PRESIDENTE KENNEDY, 1284\n\n88102",
    "AV. ORLANDA BERGAMO, 250\n\n07232",
    "ALDO\n\nMJR CUNHA DISTRIBUIDORA DE MATERIAIS\nESTRADA MUNICIPAL, 155\n\n07215",
    "RODUTOS\n\nHIDROSSANITÁRIOS S.A. WWW.CENSICOM.BR\nRUA BAHIA, 4385 SALTO WEISSBACH 2",
    "ALTERAÇÃO CONTRATUAL DE TRANSFORMAÇÃO SOCIETÁRIA\nCENSI INDUSTRIA DE PRODUTOS HIDROSSANITÁRIOS S.A.\nCNPJ",
    "AL DE APIÚNA ",
    "AL DE BENS, NASCIDO EM 25 DE FEVEREIRO DE 1951 , INDUSTRIÁRIO, INSCRITO NO CPF SOB\nN.º 181.778.599",
    "RUA PEDRO CELESTINO DE ARAÚJO,77 APTO 1001, BAIRRO JARDIM\nBLUMENAU, BLUMENAU ",
    "AL DE BLUMENAU ",
    "RUA DOUTOR ANTÔNIO HAFFNER, 577, APTO 1103 BLOCO B, BAIRRO\nÁGUA VERDE, BLUMENAU ",
    "RODUTOS HIDROSSANITÁRIOS\nLTDA. , COM SEDE NA RUA BAHIA, 4385, BAIRRO SALTO WEISSBACH, BLUMENAU",
    "ALTERAÇÕES POSTERIORES E INSCRITA NO CNPJ SOB O Nº 02.308.456",
    "AL 01\nLOCALIZADA À RUA RAIMUNDO CORREIA, 216, BAIRRO SALTO WEISSBACH, BLUMENAU ",
    "AL REALIZADA EM 09",
    "AL\n\nA DENOMINAÇÃO SOCIAL PASSARÁ A SER CENSI INDUSTRIA DE PRODUTOS\nHIDROSSANITÁRIOS S.A\n\n3. DA DIRETORIA\n\nA SOCIEDADE SERÁ ADMINISTRADA POR UMA DIRETORIA COMPOSTA DE 3 MEMBROS NÃO ACIONISTAS,\nMAS RESIDENTES NO PAÍS E COM DESIGNAÇÃO DE ",
    "AL COM MANDATO DE 02 ",
    "ALIDADE ARGENTINA, NASCIDA EM 06",
    "AL MIGRATÓRIO Nº V300646",
    "AVENIDA MINISTRO VICTOR KONDER, 740, BAIRRO FAZENDA,\nITAJAÍ",
    "ALIDADE\nBRASILEIRA, NASCIDA EM 29",
    "AL\nDE HABILITAÇÃO Nº 04656542714, DETRAN",
    "AL DO ESTADO DE SANTA CATARINA 22",
    "RODUTOS HIDROSSANITARIOS SA\n\nESTE DOCUMENTO PODE SER VERIFICADO EM HTTP",
    "ALMENTE E ASSINADA EM 22",
    "ALSKI ",
    "AL EM EXERCÍCIO\n\n \n\n \n\n \n\nTENEYO E OBOROTAUSANE",
    "AL DE BENS , RESIDENTE E DOMICILIADA À RUA RICARDO\nKOBALL, 39, APTO 701, BAIRRO ESCOLA AGRÍCOLA, BLUMENAU",
    "ALIDADE BRASILEIRA, NASCIDO EM 27",
    "AL, PORTADOR DA CARTEIRA NACIONAL DE HABILITAÇÃO Nº 02089612961, DETRAN",
    "AL DE BENS,\nRESIDENTE E DOMICILIADO À RUA MAR VERMELHO, 146, BAIRRO VELHA CENTRAL, BLUMENAU",
    "ALIFICADOS E COM MANDATO DE 2 ",
    "ALOR DE\nR",
    "AL O VALOR DE R",
    "ALOR DE R",
    "AL DA SOCIEDADE ANÔNIMA SERÁ IGUALMENTE DE R",
    "ALOR UNITÁRIO DE\nR",
    "ALOR DAS RESPECTIVAS QUOTAS,\nCONSOANTE BOLETIM DE SUBSCRIÇÃO EMITINDO",
    "AL DE APIÚNA ",
    "AL DE BENS, NASCIDO EM 25 DE FEVEREIRO DE 1951 , INDUSTRIÁRIO, INSCRITO NO CPF SOB\nN.º 181.778.599",
    "RUA PEDRO CELESTINO DE ARAÚJO,77 APTO 1001, BAIRRO JARDIM\nBLUMENAU , BLUMENAU ",
    "AL DE BLUMENAU ",
    "RUA DOUTOR ANTÔNIO HAFFNER, 577, APTO 1103 BLOCO B, BAIRRO\nÁGUA VERDE, BLUMENAU ",
    "AL INTEIRAMENTE REALIZADO, FOI ESCLARECIDO ESTAR A\nSOCIEDADE ANÔNIMA DISPENSADA DE EFETUAR O DEPÓSITO PREVISTO NO NÚMERO III DO ARTIGO 80 DA\nLEI Nº 6.404",
    "ALTERAÇÕES ACIMA, SEGUE A TRANSCRIÇÃO DO ESTATUTO DA COMPANHIA\n\nDA DENOMINAÇÃO, SEDE, DURAÇÃO E OBJETO\n\nCLÁUSULA 1º ",
    "RODUTOS\nHIDROSSANITÁRIOS S.A. FICA CONSTITUÍDA UMA SOCIEDADE ANÔNIMA, QUE SE REGERÁ\nPOR ESTES ESTATUTOS E, NOS CASOS OMISSOS, PELAS DISPOSIÇÕES LEGAIS QUE LHE FOREM APLICADAS.\n\nCLÁUSULA 2",
    "ALAÇÕES HIDRÁULICAS,\nMANUTENÇÃO E INSTALAÇÃO DE MÁQUINAS E EQUIPAMENTOS INDUSTRIAIS.\n\nJUNTA COMERCIAL DO ESTADO DE SANTA CATARINA 22",
    "RODUTOS HIDROSSANITARIOS SA\n\nESTE DOCUMENTO PODE SER VERIFICADO EM HTTP",
    "ALMENTE E ASSINADA EM 22",
    "ALSKI ",
    "AL EM EXERCÍCIO\n\n \n\f\n\nCLÁUSULA 3º ",
    "AL E FORO NA RUA BAHIA, 4385,\nSALTO WEISSBACH, BLUMENAU, SANTA CATARINA, CEP",
    "AL 01 LOCALIZADA À\nRUA RAIMUNDO CORREIA, 216, BAIRRO SALTO WEISSBACH, BLUMENAU ",
    "AL, A CRITÉRIO DA DIRETORIA.\n\nCLÁUSULA 4º",
    "AL E DAS AÇÕES\n\nCLÁUSULA 5º ",
    "AL SOCIAL É DE R",
    "ALOR DE R",
    "ALIZADAS, A\nVONTADE DOS ACIONISTAS, E INDIVIDUAIS EM RELAÇÃO A SOCIEDADE, QUE RECONHECERÁ UM\nPROPRIETÁRIOPARA CADA AÇÃO.\n\nCLÁUSULA 6º ",
    "AL.\n\nDA ADMINISTRAÇÃO DA SOCIEDADE\n\nCLÁUSULA 7º ",
    "AL, COM MANDATO DE 2 ",
    "AL\nTERÃO AS ATRIBUIÇÕES E PODERES QUE A LEI LHE CONFERE PARA ASSEGURAR O FUNCIONAMENTO\nREGULAR DA SOCIEDADE, PODENDO ASSUMIR OBRIGAÇÕES EM NOME DESTA, CONTRAIR EMPRÉSTIMOS\nINDUSTRIAIS, FAZER A AQUISIÇÃO DE MAQUINÁRIO PARA AMPLIAÇÃO OU RENOVAÇÃO DAS INSTALAÇÕES,\nPODENDO DAR AS GARANTIAS NECESSÁRIAS, INCLUSIVE PENHORES, FICANDO, AINDA, AUTORIZADA A\nINSTALAR, MANTER E EXTINGUIR FILIAIS, SUCURSAIS OU AGÊNCIAS EM QUALQUER PARTE DO TERRITÓRIO\nNACIONAL.\n\nPARÁGRAFO SEGUNDO ",
    "ALIENAR, ONERAR OU GRAVAR BENS IMÓVEIS, NECESSÁRIO SE TORNA O\nCONSENTIMENTO EXPRESSO DOS SENHORES ACIONISTAS, OUTORGADO EM ASSEMBLEIA ESPECIALMENTE\nCONVOCADA PARA ESSE FIM.\n\nPARÁGRAFO TERCEIRO ",
    "ALQUER NATUREZA OU ESPÉCIE, DESDE QUE ESTEJAM DENTRO DOS FINS DA\nSOCIEDADE",
    "AL DO ESTADO DE SANTA CATARINA 22",
    "RODUTOS HIDROSSANITARIOS SA\n\nESTE DOCUMENTO PODE SER VERIFICADO EM HTTP",
    "ALMENTE E ASSINADA EM 22",
    "ALSKI ",
    "AL EM EXERCÍCIO\n\n \n\f\n\nOU PESSOAS, ONERAR BENS MOVEIS OU MERCADORIAS, ASSINAR PAPÉIS, LIVROS E DOCUMENTOS",
    "ALQUER NATUREZA E ESCRITURAS\nPUBLICAS E PARTICULARES",
    "AVAL DO CEO, APRESENTAR RELATÓRIOS MENSAIS\nDOMOVIMENTO INDUSTRIAL, COM AS CONSIDERAÇÕES QUE JULGAR NECESSÁRIAS, SUGERINDO MEDIDAS\nNO SENTIDO DE MELHORIA TÉCNICA DA PRODUÇÃO OU QUAISQUER OUTRAS DO INTERESSE SOCIAL",
    "AL E FISCALIZAR TUDO QUE FOR DIRETAMENTE RELACIONADO COM A\nPRODUÇÃO INDUSTRIAL.\n\nPARÁGRAFO SEXTO ",
    "ALQUER TEMPO, NOMEAR UM OU MAIS\nPROCURADORES PARA FINS ESPECÍFICOS, DEVENDO TAL AUTORIZAÇÃO LEVAR AS ASSINATURAS DE PELO\nMENOS 2 ",
    "AL ELEJA\nO SUBSTITUTO.\n\nCLÁUSULA 9º ",
    "ALQUER DOS\nDIRETORES, A SUA SUBSTITUIÇÃO SE FARÁ POR NOVA ELEIÇÃO NA ASSEMBLEIA GERAL QUE, PARA ISSO,\nSERÁ CONVOCADA.\n\nPARÁGRAFO ÚNICO ",
    "AL E QUE PODERÃO SER REELEITOS.\n\nPARÁGRAFO ÚNICO ",
    "ALMENTE PELA ASSEMBLEIA GERAL QUE OS ELEGER.\n\nJUNTA COMERCIAL DO ESTADO DE SANTA CATARINA 22",
    "RODUTOS HIDROSSANITARIOS SA\n\nESTE DOCUMENTO PODE SER VERIFICADO EM HTTP",
    "ALMENTE E ASSINADA EM 22",
    "ALSKI ",
    "AL EM EXERCÍCIO\n\n \n\f\n\nCLÁUSULA 15º ",
    "AL DOS NEGÓCIOS DA COMPANHIA",
    "ALIZAR A GESTÃO DOS DIRETORES, EXAMINAR, A\nQUALQUER TEMPO, OS LIVROS E PAPÉIS DA COMPANHIA, SOLICITAR INFORMAÇÕES SOBRE CONTRATOS\nCELEBRADOS OU EM VIA DE CELEBRAÇÃO, E QUAISQUER OUTROS ATOS",
    "AL QUANDO JULGAR CONVENIENTE, E AS ASSEMBLEIAS",
    "ALIENAÇÃO DE BENS DO ATIVO NÃO\nCIRCULANTE, A CONSTITUIÇÃO DE ÔNUS REAIS E A PRESTAÇÃO DE GARANTIAS A OBRIGAÇÕES DE\nTERCEIROS",
    "AL, SENDO QUE SUA MODIFICAÇÃO SOMENTE SERÁ\nREALIZADA POR MAIORIADE 2",
    "AL\n\nCLÁUSULA 16º ",
    "AL ORDINÁRIA SE REUNIRA ANUALMENTE, NOS QUATRO PRIMEIROS\nMESES DE CADA ANO, PARA DISCUTIR, EXAMINAR E APROVAR O RELATÓRIO, BALANÇO GERAL E DEMAIS\nCONTAS DA DIRETORIA, ASSIM COMO O PARECER DO CONSELHO DE ADMINISTRAÇÃO E DELIBERAR\nSOBRE QUALQUER ASSUNTO DE INTERESSE SOCIAL.\n\nCLÁUSULA 18º ",
    "AL EXTRAORDINÁRIA SE REUNIRÁ QUANDO CONVOCADA E\nDELIBERARÁ SOBRE O PROJETO CONSTANTE NO EDITAL DE CONVOCAÇÃO.\n\nCLÁUSULA 19 ",
    "AL, LUCROS, RESERVAS E DIVIDENDOS\n\nCLÁUSULA 20º ",
    "AL ENCERRAR",
    "AL DO BALANÇO.\n\nPARÁGRAFO PRIMEIRO ",
    "ALANÇOS SEMESTRAIS OU EM QUALQUER\nOUTRA ÉPOCA DO ANO, OBEDECENDO",
    "ALQUER TEMPO, ANTECIPAR, PELA FORMA QUE JULGAR CONVENIENTE, A DISTRIBUIÇÃO\nDE DIVIDENDOS, EM FUNÇÃO DOS BALANÇOS LEVANTADOS, SUBORDINANDO",
    "AL.\n\nPARÁGRAFO TERCEIRO ",
    "ALANÇOS PODERÃO SER CERTIFICADOS POR PERITOS, EM SOCIEDADE\nREVISORA DE RECONHECIDA IDONEIDADE, PODENDO, A REVISÃO, TER CARÁTER PERMANENTE E FICANDO\nA DIRETORIA AUTORIZADA A INSTITUÍ",
    "ALANÇOS, SERÃO DISTRIBUÍDOS\nNA SEGUINTE CONFORMIDADE",
    "AL DO ESTADO DE SANTA CATARINA 22",
    "RODUTOS HIDROSSANITARIOS SA\n\nESTE DOCUMENTO PODE SER VERIFICADO EM HTTP",
    "ALMENTE E ASSINADA EM 22",
    "ALSKI ",
    "AL EM EXERCÍCIO\n\n \n\f\n\nPERFORMANCE DO CEO E DIRETORES ESTATUTÁRIOS E TERÁ AS DEMAIS APLICAÇÕES QUE FOREM\nDELIBERADAS PELA ASSEMBLEIA GERAL, SOB PROPOSTA DO CONSELHO DE ADMINISTRAÇÃO.\n\nPARÁGRAFO PRIMEIRO ",
    "AL\nORDINÁRIA, SERÃO DISTRIBUÍDOS AOS ACIONISTAS EM ÉPOCA DETERMINADA PELO CONSELHO DE\n\nADMINISTRAÇÃO, MEDIANTE AVISO AOS INTERESSADOS.\n\nPARÁGRAFO TERCEIRO ",
    "AVOR DA SOCIEDADE.\n\nDA LIQUIDAÇÃO\n\nCLÁUSULA 22º ",
    "AL ELEGER O LIQUIDANTE.\n\nDO FORO\n\nCLÁUSULA 23º ",
    "ALQUER OUTRO, POR MAIS\nPRIVILEGIADO QUE SEJA.\n\nDAS DISPOSIÇÕES GERAIS\n\nE POR ESTAREM ASSIM, JUSTOS E ACERTADOS OBRIGAM",
    "ALTERAÇÃO CONTRATUAL DE TRANSFORMAÇÃO SOCIETÁRIA.\n\nBLUMENAU ",
    "AL DO ESTADO DE SANTA CATARINA 22",
    "RODUTOS HIDROSSANITARIOS SA\n\nESTE DOCUMENTO PODE SER VERIFICADO EM HTTP",
    "ALMENTE E ASSINADA EM 22",
    "ALSKI ",
    "AL EM EXERCÍCIO\n\n \n\f\n\n \n\n \n\nDEISE NARA FAGUNDES FERNANDES\n\n \n\nSIDNEI ROBERTO BUERGER\n\nJUNTA COMERCIAL DO ESTADO DE SANTA CATARINA 22",
    "RODUTOS HIDROSSANITARIOS SA\n\nESTE DOCUMENTO PODE SER VERIFICADO EM HTTP",
    "ALMENTE E ASSINADA EM 22",
    "ALSKI ",
    "AL EM EXERCÍCIO\n\f\n\n \n\n \n\n \n\nJUNTA COMERCIAL DO ESTADO DE\nFSES SANTA CATARINA",
    "RODUTOS HIDROSSANITARIOS SA\nPROTOCOLO 230299172 ",
    "ALTERAÇAO\nEVENTO 046 ",
    "ALMENTE\n\n \n\nCPF",
    "AL DO ESTADO DE SANTA CATARINA 22",
    "RODUTOS HIDROSSANITÁRIOS SA\n\nESTE DOCUMENTO PODE SER VERIFICADO EM HTTP",
    "ALMENTE E ASSINADA EM 22",
    "ALSKI ",
    "AL EM EXERCÍCIO\n\n \n\f\n\nNº. 07",
    "RODUTOS HIDROSSANITARIOS S",
    "AL\n\n",
    "AL EM ANOTAÇÕES NEGATIVAS\nO OCORRÊNCIA\n\n     \n   \n    \n\nSCORE\n\n885\nDE 1000\n\nRISCO MÍNIMO\n\n \n\nDADOS CADASTRAIS\n\nATUALIZADO EM 26",
    "AL FUNDAÇÃO EM 02",
    "ALTO WEISSBACH, BLUMENAU ",
    "AL 253610010\nNIRE 4230005981\nREGISTRO 4230005981\nDATA DO REGISTRO 22",
    "ALHAMENTO SOBRE AS ANOTAÇÕES NEGATIVAS DO INDIVÍDUO DE ACORDO COM DIVERSAS FONTES.\n\nCENSI INDUSTRIA DE PRODUTOS HIDROSSANITARIOS LTDA FUNDADA EM 06",
    "AL EM ANOTAÇÕES NEGATIVAS DÍVIDAS COMERCIAIS ",
    "ALÊNCIAS AÇÕES JUDICIAIS DIVIDAS PROTESTADAS CHEQUES SEM FUNDO BACEN\n\n \n\n \n\n",
    "AL E NOS ÚLTIMOS 4 MESES.\n\n \n\n \n\n",
    "ALE SECURITIZADORA DE CREDITOS 14.548 075",
    "ALISE DE CREDITO E 28.206.944",
    "ALHADAS SOBRE HÁBITOS DE PAGAMENTOS, PERFIL DE COMPRAS E COMPROMISSOS A VENCER.\n\n \n\nPRINCIPAIS FORNECEDORES ATUALIZADO EM 01",
    "AL DO FORNECEDOR\n\n00.827.591",
    "ALIZADO EM 07",
    "ALIZADO EM 07",
    "AL 8",
    "ALIZADO EM 07",
    "AVISTA ",
    "ALIZADO EM 07",
    "AVISTA PONTUAL 8A 15 DIAS 16A 30 DIAS 31A 60 DIAS ",
    "AVISTA PONTUAL BA5DIAS 16A 30 DIAS 31A 60 DIAS ",
    "AVISTA PONTUAL 8A15DIAS 16A 30 DIAS 31 A 60 DIAS ",
    "AVISTA PONTUAL 8ATSDIAS 16A 30 DIAS 31460 DIAS ",
    "AL\n200MIL Z00MIL 40OMIL AMI 200MIL  300MIL  ADOMIL  AMOMIL 100MIL 300MIL 300MIL OMA 4OMIL SOM SOMA\nA300 A300 A 500 A 500 A300 A40O A500 A 500 A 200 AA0O A400 00 MIL A 500 AA0O SMI\nMIL MIL MIL MIL MIL MIL MIL MIL MIL MIL MIL MIL MIL\n\n \n\n \n\nEVOLUÇÃO DE COMPROMISSOS ",
    "AL\nTOMA . SÃO AO 3 ML A ADO ATO S00MIL DÃO ADO ADO . NÃO ADO 2MIA\nEVOLUÇÃO DE COMPROMISSOS ",
    "ALOR R",
    "ALIZADO EM 07",
    "ALHE DOS PARTICIPANTES CENSI PARTICIPACOES LTDA 1 PARTICIPANTE, SOMANDO 100",
    "AL SOCIAL\n\n \n\nCPF",
    "AL\n\nANOTAÇÕES\n\n \n\n181.778.599",
    "AL LTDA ATUALIZADO EM 07",
    "ALHE DOS PARTICIPANTES PC CONSULTORIA EMPRESARIAL LTDA 1 PARTICIPANTE, SOMANDO 100",
    "AL SOCIAL\n\n \n\nCPF",
    "AL\n\nANOTAÇÕES\n\n \n\n181.778.599",
    "AL LTDA ATUALIZADO EM 07",
    "ALHE DOS PARTICIPANTES 2LC CONSULTORIA EMPRESARIAL LTDA 1 PARTICIPANTE, SOMANDO 100",
    "AL SOCIAL\n\n \n\nCPF",
    "AL\n\nANOTAÇÕES\n\n \n\n009.542,069",
    "ALIZADO EM 07",
    "ALHE DOS PARTICIPANTES FEROX EMPREENDIMENTOS IMOBILIÁRIOS E SERVICOS LTDA ME 1 PARTICIPANTE, SOMANDO 17",
    "AL SOCIAL\n\n \n\nCPF",
    "AL ANOTAÇÕES\n\n \n\n \n\n \n\n009.542.069",
    "ALIZADO EM 16",
    "AL SOCIAL CAPITAL REALIZADO TIPO DE CAPITAL TIPO DE CONTROLE ORIGEM ANOTAÇÕES SÓCIOS E ACIONISTAS\n\n \n\n \n\n \n\n \n\n \n\n \n\nSEM OCORRÊNCIAS ",
    "ALIZADO EM 16",
    "AL\nDOCUMENTO RELACIONAMENTO NOME DATA DO NACIONALIDADE DOS CAPITAL F AA, ENDEREÇO TELEFONE\nRDR PEDRO\nS ESPOLIO DE ARTIAR TOO\nÓCIO 1001,\n181.778.599",
    "ALIZADO EM 16",
    "ALIDADE ESTADO TMDO DATA DE DATA DE ENDEREÇO TELEFONE\nO CIVIL MANDATO ENTRADA NASCIMENTO S\nRDR PEDRO\nER,\nARI ESPOLIO DE 20",
    "ALGUMA, DEVEM SER UTILIZADAS COMO JUSTIFICATIVA PELO CONCEDENTE DO CRÉDITO, PARA A TOMADA DA REFERIDA DECISÃO.\n\n \n\n \n\n \n\n \n\n \n\nESTE RELATÓRIO É ESTRITAMENTE CONFIDENCIAL E DESTINADO A APOIAR DECISÕES DE CRÉDITO E NEGÓCIOS. É PROIBIDA A REPRODUÇÃO, TOTAL OU PARCIAL, BEM COMO SUA DIVULGAÇÃO A TERCEIROS, POR QUALQUER FORMA. A\nDECISÃO DE CONCEDER OU NÃO CRÉDITO É DE INTEIRA RESPONSABILIDADE DA EMPRESA CONCEDENTE. SERASA EXPERIAN. TODOS OS DIREITOS RESERVADOS.\n\f\n\nEM\n\nCENSI\nINDÚSTRIA DE",
    "RODUTOS HIDROSSANTTÁRIOS S",
    "ALTO WEISSBACH, ",
    "RODO SAG SS\n\nERA,\n\n \n \n  \n\n \n\nSÃ\n\n  \n\nSISTEMAS HIDROSSANITÁRIOS\n\n2024",
    "RODUTOS HIDROSSANITÁRIOS S",
    "ALANÇÓ PATRIMONIAL\n\n \n\n \n\n \n\n \n\n \n\n  \n\n \n\n \n\nAS NOTAS EXPLICATIVAS SÃO PARTE INTEGRANTE DAS DEMONSTRAÇÕES FINANCEIRAS\n\nATIVO NOTA ",
    "ALENTES 3 R",
    "AL DO ATIVO R",
    "ALHISTAS R",
    "AL PRÓPRIO ",
    "AL SOCIAL 13.1 R",
    "AL 132 R5 367.000",
    "AL, DO",
    "RODUTOS HIDROSSANITÁRIOS S",
    "AL CORRENTE ",
    "AL PRÓPRIA 134,2",
    "RODUTOS HIDROSSANITÁRIOS S",
    "AL R",
    "AL POR"
  ],
  "dados_financeiros": {
    "valores": [
      40000.0,
      24000.0,
      12000.0,
      1835000.0,
      1.0,
      1835000.0,
      1.0,
      100.0,
      200.0,
      200.0,
      300.0,
      3.0,
      3.5,
      15.0,
      17.0,
      3.0,
      3.5,
      65.0,
      6.0,
      65.0,
      70.0,
      50.0,
      70.0,
      200.0,
      200.0,
      100.0,
      100.0,
      100.0,
      100.0,
      300.0,
      300.0,
      200.0,
      250.0,
      300.0,
      1.0,
      300.0,
      200.0,
      200.0,
      200.0,
      200.0,
      200.0,
      200.0,
      200.0,
      200.0,
      200.0,
      200.0,
      200.0,
      1.0,
      15.0,
      200.0,
      1.5,
      2.0,
      250.0,
      300.0,
      1.5,
      2.0,
      100.0,
      100.0,
      100.0,
      100.0,
      100.0,
      100.0,
      200.0,
      200.0,
      100.0,
      100.0,
      250.0,
      300.0,
      100.0,
      100.0,
      35.0,
      37.0,
      35.0,
      37.0,
      100.0,
      200.0,
      33.0,
      35.0,
      33.0,
      35.0,
      70.0,
      100.0,
      70.0,
      100.0,
      10.0,
      70.0,
      100.0,
      100.0,
      100.0,
      10.0,
      30.0,
      70.0,
      100.0,
      200.0,
      300.0,
      200.0,
      300.0,
      300.0,
      400.0,
      400.0,
      500.0,
      100.0,
      200.0,
      400.0,
      500.0,
      35.0,
      37.0,
      200.0,
      300.0,
      100.0,
      200.0,
      300.0,
      400.0,
      300.0,
      400.0,
      400.0,
      500.0,
      300.0,
      400.0,
      400.0,
      500.0,
      100.0,
      200.0,
      100.0,
      200.0,
      300.0,
      400.0,
      300.0,
      400.0,
      100.0,
      200.0,
      300.0,
      400.0,
      70.0,
      100.0,
      100.0,
      200.0,
      400.0,
      500.0,
      100.0,
      200.0,
      300.0,
      400.0,
      3.5,
      4.0,
      300.0,
      400.0,
      400.0,
      500.0,
      23.0,
      25.0,
      35.0,
      37.0,
      50.0,
      70.0,
      1835000.0,
      1835000.0,
      61.0,
      49.0,
      824100738.0,
      2024994955.0,
      1.0,
      6.0,
      398147.06,
      882226783.0,
      5.0,
      201953.52,
      344217.6,
      435.0,
      252.0,
      340370.9,
      9.0,
      9.0,
      363.0,
      477093.56,
      3368464.56,
      2386.0,
      541897.35,
      39560073.0,
      332044731.0,
      3201773.42,
      272081464.0,
      3774466.6,
      415791578.0,
      383343.09,
      7013035.3,
      6997.03,
      1.0,
      15.0,
      45.0,
      39.252,
      1835000.0,
      43.0,
      374.0,
      84178824.0,
      111466167.0,
      1146989697.0,
      13.0,
      15053.0,
      1247875636.0,
      174674.0,
      1395196753.0,
      1.0,
      191321354.0,
      15598.0,
      1177198723.0,
      200277855.0,
      5879491.76,
      159503.0,
      147.0
    ],
    "faturamento": null,
    "capital_social": null
  },
  "cnpj_principal": "02.308.456/0001-49",
  "razao_social": "STRIA DE PRODUTOS HIDROSSA",
  "endereco_principal": "RODUTOS HIDROSSANITÁRIOS S.A,\n"
}